ada_embedding,Score
0.023978884394071587,4
0.8392428076076613,7
0.8332082501470864,4
0.516823048156566,9
0.010321867327728329,6
0.2696450481258583,3
0.31248098688649795,5
0.3033213797312605,1
0.7183814917661397,6
0.21151254445421863,6
0.20391297374927708,1
0.10045702016349023,10
0.5026768580321985,6
0.9739175300638537,7
0.24867389882956148,9
